ticker,name
EIX,Edison International
VALU,Value Line Inc
SKY,Skyline Champion Corp
STU,Student Loan Corp/The
CB,Chubb Ltd
TURN,180 Degree Capital Corp
ATSG,Air Transport Services Group Inc
VELCF,Velcro Industries NV
WPSL,WP Stewart & Co Ltd
GMRRQ,Gener8 Maritime Inc/Old
CUB,Cubic Corp
TIBX,Cloud Software Group Inc
UTHR,United Therapeutics Corp
AA,Alcoa Corp
AXP,American Express Co
NDAQ,Nasdaq Inc
VZ,Verizon Communications Inc
BBBB,Blackboard Inc
BA,Boeing Co/The
ENTG,Entegris Inc
CAT,Caterpillar Inc
MKTX,MarketAxess Holdings Inc
JPM,JPMorgan Chase & Co
CVX,Chevron Corp
BLKB,Blackbaud Inc
KO,Coca-Cola Co/The
BWLD,Buffalo Wild Wings Inc
DIS,Walt Disney Co/The
MCCC,Mediacom Communications Corp
ENDPQ,Endo International PLC
XOM,Exxon Mobil Corp
EXEL,Exelixis Inc
GE,General Electric Co
HPQ,HP Inc
IVIL,iVillage Inc
HD,Home Depot Inc/The
ISSC,Innovative Solutions and Support Inc
IBM,International Business Machines Corp
PNFP,Pinnacle Financial Partners Inc
JNJ,Johnson & Johnson
TTMI,TTM Technologies Inc
MCD,McDonald's Corp
XXIA,Ixia
MRK,Merck & Co Inc
RUTH,Ruth's Hospitality Group Inc
MMM,3M Co
TZOO,Travelzoo
BAC,Bank of America Corp
AXON,Axon Enterprise Inc
PFE,Pfizer Inc
PG,Procter & Gamble Co/The
GLAD,Gladstone Capital Corp
T,AT&T Inc
DOVP,Dov Pharmaceutical Inc
TRV,Travelers Cos Inc/The
RJETQ,Republic Airways Holdings Inc
RTX,Raytheon Technologies Corp
CPSI,Computer Programs and Systems Inc
WMT,Walmart Inc
ATHR,Qualcomm Atheros Inc
MCGC,MCG Capital Corp
SAM,Boston Beer Co Inc/The
MDLZ,Mondelez International Inc
BGFV,Big 5 Sporting Goods Corp
MTLQQ,Motors Liquidation Co
C,Citigroup Inc
AIG,American International Group Inc
EPAX,Ambassadors Group Inc
HON,Honeywell International Inc
SPOK,Spok Holdings Inc
MO,Altria Group Inc
SAIA,Saia Inc
INTC,Intel Corp
MSFT,Microsoft Corp
EQIX,Equinix Inc
WRC,Warnaco Group Inc/The
EKDKQ,Eastman Kodak Co
MODV,ModivCare Inc
IP,International Paper Co
XPRT,LECG Corp
CONN,Conn's Inc
OXSQ,Oxford Square Capital Corp
ABT,Abbott Laboratories
CSBK,Clifton Bancorp Inc
AMD,Advanced Micro Devices Inc
TXCCQ,Transwitch Corp
AACC,Asset Acceptance Capital Corp
AFL,Aflac Inc
ENLC,EnLink Midstream LLC
APD,Air Products and Chemicals Inc
OXPS,OptionsXpress Holdings Inc
ARG,Airgas Inc
MFIC,MidCap Financial Investment Corp
AFFMQ,Affirmative Insurance Holdings Inc
SBNY,Signature Bank/New York NY
AEP,American Electric Power Co Inc
HURN,Huron Consulting Group Inc
HES,Hess Corp
ARCC,Ares Capital Corp
APC,Anadarko Petroleum Corp
TXRH,Texas Roadhouse Inc
ADI,Analog Devices Inc
TWGP,Tower Group International Ltd
EUBK,EuroBancshares Inc
ADM,Archer-Daniels-Midland Co
CVGI,Commercial Vehicle Group Inc
GAS,Southern Co Gas
BECN,Beacon Roofing Supply Inc
GBNK,Guaranty Bancorp
AZO,AutoZone Inc
TEAR,TearLab Corp
AVY,Avery Dennison Corp
LEDR,Market Leader Inc
AVP,Avon Products Inc
SBX,SeaBright Holdings Inc
BHI,Baker Hughes Holdings LLC
NWE,NorthWestern Corp
BALL,Ball Corp
OHAI,OHA Investment Corp
HEROQ,Hercules Offshore Inc
BK,Bank of New York Mellon Corp/The
UBNK,United Financial Bancorp Inc
BCR,CR Bard Inc
RCNI,Sidera Networks Inc
BAX,Baxter International Inc
SGI,Silicon Graphics International Corp
BDX,Becton Dickinson and Co
ZUMZ,Zumiez Inc
BMS,Amcor Flexibles North America Inc
CTRN,Citi Trends Inc
BBY,Best Buy Co Inc
BOKF,BOK Financial Corp
DMND,Diamond Foods Inc
HRB,H&R Block Inc
BPOP,Popular Inc
AATI,Advanced Analogic Technologies Inc
BSX,Boston Scientific Corp
CBSH,Commerce Bancshares Inc/MO
MWIV,MWI Veterinary Supply Inc
BMY,Bristol-Myers Squibb Co
VLCM,Volcom LLC
BF,Brown-Forman Corp
HITT,Hittite Microwave Corp
CTRA,Coterra Energy Inc
SWSI,Nabors Completion & Production Services Co
CPB,Campbell Soup Co
GAIN,Gladstone Investment Corp
ISBC,Investors Bancorp Inc
LUMN,Lumen Technologies Inc
WSBF,Waterstone Financial Inc
UAA,Under Armour Inc
CLF,Cleveland-Cliffs Inc
CLX,Clorox Co/The
CMS,CMS Energy Corp
BVH,Bluegreen Vacations Holding Corp
CCEP,Coca-Cola Europacific Partners PLC
CL,Colgate-Palmolive Co
CMA,Comerica Inc
CSC,Computer Sciences Corp
CAG,Conagra Brands Inc
ED,Consolidated Edison Inc
BOOM,DMC Global Inc
BIG,Big Lots Inc
GLW,Corning Inc
AVNR,Avanir Pharmaceuticals Inc
CSX,CSX Corp
CMI,Cummins Inc
DHR,Danaher Corp
TGT,Target Corp
DE,Deere & Co
IBNKQ,Integra Bank Corp
PTE,PolarityTE Inc
D,Dominion Energy Inc
AVD,American Vanguard Corp
DOV,Dover Corp
CCOI,Cogent Communications Holdings Inc
DUK,Duke Energy Corp
MIFI,Inseego Wireless Inc
ETN,Eaton Corp PLC
ECL,Ecolab Inc
PKI,PerkinElmer Inc
EMC,EMC Corp
EMR,Emerson Electric Co
EOG,EOG Resources Inc
ETR,Entergy Corp
EFX,Equifax Inc
EQT,EQT Corp
FDO,Family Dollar Stores Inc
FDX,FedEx Corp
M,Macy's Inc
FMC,FMC Corp
F,Ford Motor Co
NEE,NextEra Energy Inc
BEN,Franklin Resources Inc
FCX,Freeport-McMoRan Inc
BEC,Beckman Coulter Inc
TGNA,TEGNA Inc
GPS,Gap Inc/The
GD,General Dynamics Corp
GIS,General Mills Inc
GPC,Genuine Parts Co
GR,Goodrich Corp
ESLRQ,Evergreen Solar Inc
GT,Goodyear Tire & Rubber Co/The
GWW,WW Grainger Inc
HAL,Halliburton Co
HOG,Harley-Davidson Inc
HAR,Harman International Industries Inc
LHX,L3Harris Technologies Inc
PEAK,Healthpeak Properties Inc
HNZ,Kraft Heinz Foods Co
HP,Helmerich & Payne Inc
HSY,Hershey Co/The
HRL,Hormel Foods Corp
HOT,Starwood Hotels & Resorts Worldwide LLC
CNP,CenterPoint Energy Inc
HUM,Humana Inc
ITW,Illinois Tool Works Inc
IPG,Interpublic Group of Cos Inc/The
ENMC,DJO Global Inc
IFF,International Flavors & Fragrances Inc
BKS,Barnes & Noble Inc
SMBI,Symbion Inc/TN
SERO,Serologicals Corp
K,Kellogg Co
ARXT,Adams Respiratory Therapeutics Inc
KMB,Kimberly-Clark Corp
KIM,Kimco Realty Corp
KSS,Kohl's Corp
KR,Kroger Co/The
LM,Legg Mason Inc
LEG,Leggett & Platt Inc
LEN,Lennar Corp
JEF,Jefferies Financial Group Inc
LLY,Eli Lilly & Co
BBWI,Bath & Body Works Inc
ADZA,Cytyc Prenatal Products Corp
LNC,Lincoln National Corp
RTSX,21st Century Oncology Inc
L,Loews Corp
LOW,Lowe's Cos Inc
ILSE,Intralase Corp
HST,Host Hotels & Resorts Inc
MMC,Marsh & McLennan Cos Inc
FOXH,FoxHollow Technologies Inc
MAS,Masco Corp
SPGI,S&P Global Inc
MDT,Medtronic PLC
CVS,CVS Health Corp
MSI,Motorola Solutions Inc
MUR,Murphy Oil Corp
LH,Laboratory Corp of America Holdings
THC,Tenet Healthcare Corp
NWL,Newell Brands Inc
NEM,Newmont Corp
NKE,NIKE Inc
NI,NiSource Inc
TPTH,TriPath Imaging Inc
NBL,Noble Energy Inc
NSC,Norfolk Southern Corp
ES,Eversource Energy
NOC,Northrop Grumman Corp
AAIC,Arlington Asset Investment Corp
WFC,Wells Fargo & Co
NUE,Nucor Corp
OXY,Occidental Petroleum Corp
OMC,Omnicom Group Inc
OKE,ONEOK Inc
PCG,PG&E Corp
PH,Parker-Hannifin Corp
PPL,PPL Corp
CPPRQ,Old Copper Co Inc
PEP,PepsiCo Inc
EXC,Exelon Corp
COP,ConocoPhillips
PHM,PulteGroup Inc
PNW,Pinnacle West Capital Corp
PBI,Pitney Bowes Inc
PCL,Plum Creek Timber Co Inc
PNC,PNC Financial Services Group Inc/The
PPG,PPG Industries Inc
PCP,Precision Castparts Corp
PGR,Progressive Corp/The
PEG,Public Service Enterprise Group Inc
RTN,Raytheon Co
RHI,Robert Half International Inc
RDC,Rowan Cos Ltd
R,Ryder System Inc
SWY,Safeway Inc
HSH,Hillshire Brands Co/The
SCG,SCANA Corp
XTO,XTO Energy Inc
BDK,Black & Decker Corp/The
SHW,Sherwin-Williams Co/The
RX,IQVIA Inc
SJM,J M Smucker Co/The
PBG,Pepsi Bottling Group Inc/The
SNA,Snap-on Inc
BNI,Burlington Northern Santa Fe LLC
SO,Southern Co/The
TFC,Truist Financial Corp
LUV,Southwest Airlines Co
SWN,Southwestern Energy Co
SGP,Schering-Plough Corp/Pre-merger with Merck & Co Inc
WRB,W R Berkley Corp
WYE,Wyeth LLC
SWK,Stanley Black & Decker Inc
PSA,Public Storage
CITGQ,CIT Group Inc/Old
STI,SunTrust Banks Inc
ROH,Rohm and Haas Co
SVU,SUPERVALU Inc
SOV,Santander Holdings USA Inc
SYY,Sysco Corp
TER,Teradyne Inc
MER,Merrill Lynch & Co Inc
ANDV,Andeavor
NCC,National City Corp
BRL,Barr Pharmaceuticals Inc
TXT,Textron Inc
AW,Allied Waste Industries LLC
TMO,Thermo Fisher Scientific Inc
TJX,TJX Cos Inc/The
WWY,Wm Wrigley Jr Co
GL,Globe Life Inc
TSS,Total System Services Inc
UNP,Union Pacific Corp
UNH,UnitedHealth Group Inc
CFC,Countrywide Financial Corp
UNM,Unum Group
MRO,Marathon Oil Corp
X,United States Steel Corp
VAR,Varian Medical Systems Inc
HET,Caesars Entertainment Corp/Old
VTR,Ventas Inc
TRB,Tribune Co/Old
VFC,VF Corp
DJ,Dow Jones & Co Inc
VNO,Vornado Realty Trust
VMC,Vulcan Materials Co
TEK,Tektronix Inc
WBA,Walgreens Boots Alliance Inc
GHC,Graham Holdings Co
BOL,Bausch & Lomb Inc
WDC,Western Digital Corp
WY,Weyerhaeuser Co
WHR,Whirlpool Corp
WMB,Williams Cos Inc/The
TEG,Integrys Energy Group Inc
KSE,KeySpan Corp
WEC,WEC Energy Group Inc
MEL,Mellon Financial Corp
AES,AES Corp/The
CMX,Caremark Rx Inc
PGL,Peoples Energy LLC
TAP,Molson Coors Beverage Co
EOP,Equity Office Properties Trust
MKC,McCormick & Co Inc/MD
BLS,BellSouth LLC
FSL,NXP USA Inc
JWN,Nordstrom Inc
NFB,North Fork Bancorporation Inc
BEZ,ABB Motors and Mechanical Inc
MOD,Modine Manufacturing Co
AERG,Applied Energetics Inc
FSH,Fisher Scientific International LLC
STJ,St Jude Medical Inc
GDW,Golden West Financial Corp
SYK,Stryker Corp
TSN,Tyson Foods Inc
MIPS,Imagination Technologies LLC
GTW,Gateway Inc
ITRI,Itron Inc
ANDW,CommScope Technologies LLC
TWX,Time Warner Inc
CAH,Cardinal Health Inc
MTZ,MasTec Inc
ARRS,ARRIS International Ltd
CVC,Cablevision Systems Corp
KRI,Knight Ridder Inc
CVH,Coventry Health Care Inc
DHI,DR Horton Inc
FLS,Flowserve Corp
GDT,Guidant LLC
ATGE,Adtalem Global Education Inc
CIN,Cinergy Corp
DCNAQ,Dana Corp
MTB,M&T Bank Corp
RBK,Reebok International Ltd
SEBL,Siebel Systems Inc
FHN,First Horizon Corp
TOPP,Topps Co Inc/The
WELL,Welltower Inc
VSCN,Visual Sciences Inc/San Diego CA
RRC,Range Resources Corp
JMDT,Jamdat Mobile Inc
PSSI,McKesson Medical-Surgical Top Holdings Inc
ROP,Roper Technologies Inc
AN,AutoNation Inc
KEY,KeyCorp
STT,State Street Corp
USB,US Bancorp
WM,Waste Management Inc
STEI,Stewart Enterprises Inc
PARA,Paramount Global
AGN,Allergan Ltd/Ireland
STZ,Constellation Brands Inc
DNRCQ,Denbury Inc
MS,Morgan Stanley
PALM,Palm Inc
CHKAQ,Chesapeake Energy Corp
JBL,Jabil Inc
ALL,Allstate Corp/The
EQR,Equity Residential
BWA,BorgWarner Inc
NFX,Ovintiv Exploration Inc
SPG,Simon Property Group Inc
EMN,Eastman Chemical Co
AVB,AvalonBay Communities Inc
PRU,Prudential Financial Inc
UPS,United Parcel Service Inc
AIV,Apartment Investment and Management Co
MCK,McKesson Corp
DFODQ,Dean Foods Co
LMT,Lockheed Martin Corp
ABC,AmerisourceBergen Corp
CAM,Cameron International Corp
COF,Capital One Financial Corp
WAT,Waters Corp
LDG,Longs Drug Stores Corp
DRI,Darden Restaurants Inc
DOFSQ,Diamond Offshore Drilling Inc
TOUSQ,TOUSA Inc
LXK,Lexmark International Inc
DVA,DaVita Inc
FHI,Federated Hermes Inc
HIG,Hartford Financial Services Group Inc/The
IRM,Iron Mountain Inc
EL,Estee Lauder Cos Inc/The
PFG,Principal Financial Group Inc
RML,Russell Corp
TIE,Titanium Metals Corp
ATI,ATI Inc
ANF,Abercrombie & Fitch Co
NOV,NOV Inc
DGX,Quest Diagnostics Inc
ROK,Rockwell Automation Inc
AMT,American Tower Corp
RL,Ralph Lauren Corp
BXP,Boston Properties Inc
PKDSQ,Parker Drilling Co
APH,Amphenol Corp
PXD,Pioneer Natural Resources Co
VLO,Valero Energy Corp
YUM,Yum! Brands Inc
PLD,Prologis Inc
FE,FirstEnergy Corp
IKN,Ricoh USA Inc
PWR,Quanta Services Inc
AEE,Ameren Corp
MAR,Marriott International Inc/MD
CHUX,O'Charleys Inc
SEE,Sealed Air Corp
NUAN,Nuance Communications Inc
NAL,NewAlliance Bancshares Inc
CNX,CNX Resources Corp
AET,Aetna Inc
BTUUQ,Peabody Energy Corp
RSG,Republic Services Inc
GS,Goldman Sachs Group Inc/The
PORK,Murphy-Brown of Missouri LLC
SRE,Sempra Energy
MCO,Moody's Corp
RAI,Reynolds American Inc
DVN,Devon Energy Corp
PHHMQ,Palm Harbor Homes Inc
SUPR,Superior Bancorp
ULCM,Ulticom Inc
A,Agilent Technologies Inc
ELV,Elevance Health Inc
BLK,BlackRock Inc
DTE,DTE Energy Co
TUNE,Microtune Inc
CRM,Salesforce Inc
MET,MetLife Inc
TPR,Tapestry Inc
FLR,Fluor Corp
EW,Edwards Lifesciences Corp
AMP,Ameriprise Financial Inc
ALOY,Alloy Inc
XEL,Xcel Energy Inc
COL,Collins Aerospace
FTI,TechnipFMC PLC
ZBH,Zimmer Biomet Holdings Inc
CBRE,CBRE Group Inc
GME,GameStop Corp
KMX,CarMax Inc
ICE,Intercontinental Exchange Inc
FIS,Fidelity National Information Services Inc
MWV,WestRock MWV LLC
POM,Pepco Holdings LLC
MHS,Medco Health Solutions Inc
UNCA,Unica Corp
HSP,Hospira Inc
VTEQ,VeriTeQ Corp
AIZ,Assurant Inc
NRG,NRG Energy Inc
GNW,Genworth Financial Inc
TPC,Tutor Perini Corp
RF,Regions Financial Corp
MOS,Mosaic Co/The
PONR,Pioneer Cos LLC
WNG,Washington Group International Inc
ANRZQ,Alpha Natural Resources Inc
RHDCQ,Dex One Corp
SPSX,Superior Essex Inc
PPCO,Penwest Pharmaceuticals Co
GKIS,Pilgrim's Pride Corp of Georgia Inc
CF,CF Industries Holdings Inc
RESC,Roanoke Electric Steel Corp
JH,John H Harland Co
EBF,Ennis Inc
VIRL,Virage Logic LLC
PAS,PepsiAmericas Inc
SRR,Stride Rite Corp/The
BLIAQ,BB Liquidating Inc
CACI,CACI International Inc
PLUG,Plug Power Inc
WINT,Windtree Therapeutics Inc
GEHL,Manitou Americas Inc
GLYT,Genlyte Group Inc
MTLG,Metrologic Instruments Inc
WHCI,W Holding Co Inc
ALTO,Alto Ingredients Inc
RCRC,TOMY Holdings Inc
WWD,Woodward Inc
CTBK,City Bank/Lynnwood WA
Y,Alleghany Corp
VGR,Vector Group Ltd
CDE,Coeur Mining Inc
CRD,Crawford & Co
EDE,Empire District Electric Co/The
SGK,Schawk Inc
MBHIQ,Midwest Banc Holdings Inc
EQC,Equity Commonwealth
HL,Hecla Mining Co
HXL,Hexcel Corp
FACO,First Acceptance Corp
NHI,National Health Investors Inc
OHBIQ,Orleans Homebuilders Inc
PAR,PAR Technology Corp
NOBLQ,Noble International Ltd/United States
GDPMQ,Goodrich Petroleum Corp
PPC,Pilgrim's Pride Corp
RES,RPC Inc
RPT,RPT Realty
STE,STERIS PLC
WMK,Weis Markets Inc
ECLG,eCollege.com
IDWK,International DisplayWorks Inc
CKCM,Click Commerce Inc
MBVXQ,MabVax Therapeutics Holdings Inc
IFOX,Infocrossing Inc
FRGO,Fargo Electronics Inc
PKTR,Packeteer Inc
CGFW,Cyberguard Corp
IRIS,Iris International Inc
IONS,Ionis Pharmaceuticals Inc
PMACA,PMA Cos Inc
ALXN,Alexion Pharmaceuticals Inc/MA
ONXX,Onyx Pharmaceuticals Inc
IGTE,IGATE Corp
IXYS,IXYS Corp
HNR,Harvest Natural Resources Inc
SAVA,Cassava Sciences Inc
LINC,Lincoln Educational Services Corp
PTVCB,Protective Insurance Corp
MGLN,Magellan Health Inc
BID,Sotheby's
EOXLQ,Emerald Oil Inc
CIA,Citizens Inc/TX
WDR,Waddell & Reed Financial Inc
CHCI,Comstock Holding Cos Inc
TKOI,Telkonet Inc
CSS,CSS Industries Inc
MBOT,Microbot Medical Inc
CALCQ,California Coastal Communities Inc
DZSI,DZS Inc
MDTL,Medis Technologies Ltd
CWT,California Water Service Group
DWRI,Design Within Reach Inc
RVHLQ,Riviera Holdings Corp
CVA,Covanta Holding Corp
BIVN,Bioenvision LLC
CLZR,Candela Corp
LIFC,LifeCell Corp
DIGE,Digene Corp
STGN,Stratagene Corp
MTIX,Micro Therapeutics Inc
DXYN,Dixie Group Inc/The
ACIIQ,Arch Resources Inc
EPAC,Enerpac Tool Group Corp
ELX,Emulex Corp
RTWIQ,RTW Retailwinds Inc
FCEL,FuelCell Energy Inc
AME,AMETEK Inc
ESCA,Escalade Inc
AGM,Federal Agricultural Mortgage Corp
FARM,Farmer Bros Co
EEEE,Educate Inc
ACPIQ,Anthracite Capital Inc
EMMS,Emmis Communications Corp
DRLCQ,Doral Financial Corp
NFS,Nationwide Financial Services Inc
CBLAQ,CBL & Associates Properties Inc
UB,MUFG Americas Holdings Corp
EAS,Avangrid Inc
LEARQ,Lear Corp/Old
CNSL,Consolidated Communications Holdings Inc
PRVD,Provide Commerce Inc
CTO,CTO Realty Growth Inc
LYO,Lyondell Chemical Co
ABM,ABM Industries Inc
GTN,Gray Television Inc
SSCCQ,Smurfit-Stone Container Corp/Old
MTCT,BAE Modern Technologies Inc
CBRI,CMTSU Liquidation Inc
CESV,China Energy Savings Technology Inc
BGC,General Cable Corp
WLDA,World Air Holdings Inc
AMRI,Curia Global Inc
GRC,Gorman-Rupp Co/The
GYI,Getty Images Inc
RMK,ARAMARK Corp/Old
AMED,Amedisys Inc
GTK,GTECH Holdings Corp
CDWC,CDW Corp/IL
CKFR,CheckFree Corp/DE
BEAS,BEA Systems Inc
XMSR,XM Satellite Radio Holdings Inc
BHLB,Berkshire Hills Bancorp Inc
HEI,HEICO Corp
EPIC,Epicor Software Corp/Old
OSIP,OSI Pharmaceuticals Inc
TXN,Texas Instruments Inc
AKS,Cleveland-Cliffs Steel Holding Corp
SUNEQ,SunEdison Inc
FTRCQ,Frontier Communications Corp
MRVC,MRV Communications Inc
SLM,SLM Corp
CKR,CKE Restaurants Inc
VIAB,Viacom Inc
STCN,Steel Connect Inc
JNS,Janus Henderson US Holdings Inc
ITT,ITT Inc
RSHCQ,RS Legacy Corp
CRA,Celera Corp
CPT,Camden Property Trust
MEE,Alpha Appalachia Holdings LLC
CNS,Cohen & Steers Inc
MFE,McAfee Inc
AYE,Allegheny Energy Inc
WTBA,West BanCorp Inc
IHC,Independence Holding Co
CTRCQ,Centric Brands LLC
MDP,Hawkeye Acquisition Inc
NYT,New York Times Co/The
KG,KP Pharmaceuticals LLC
PTV,Pactiv LLC
JBSS,John B Sanfilippo & Son Inc
MU,Micron Technology Inc
KCLI,Kansas City Life Insurance Co
VALPQ,Valaris plc
THMO,ThermoGenesis Holdings Inc
KBH,KB Home
MBI,MBIA Inc
DYNIQ,Dynegy Inc/Old
KVPHQ,AMAG Pharma USA Inc
CVG,Convergys Corp
WINMQ,Windstream Holdings Inc
BMC,BMC Software Inc
MAT,Mattel Inc
MTW,Manitowoc Co Inc/The
BDN,Brandywine Realty Trust
RRD,RR Donnelley & Sons Co
SITC,SITE Centers Corp
JNY,Jones Group Inc/NY
MKL,Markel Corp
CRWN,Crown Media Holdings Inc
MYL,Mylan NV
TFCFA,TFCF Corp
TWB,Tween Brands Inc
CAC,Camden National Corp
KATE,Kate Spade & Co LLC
ASH,Ashland Inc
ENTU,Entrust Inc/US
HPC,Hercules LLC
GGP,Brookfield Property REIT Inc
TMR,Meridian Resource Corp/The
BELM,Bell Microproducts Inc
UIS,Unisys Corp
TEX,Terex Corp
MTG,MGIC Investment Corp
AMCS,Merge Healthcare Solutions Inc
DDS,Dillard's Inc
MAXY,Maxygen Inc
ADP,Automatic Data Processing Inc
CITP,COMSYS IT Partners Inc
WAMUQ,Washington Mutual Inc
LEHMQ,Lehman Brothers Holdings Inc
FMCC,Federal Home Loan Mortgage Corp
FNMA,Federal National Mortgage Association
NASB,NASB Financial Inc
CME,CME Group Inc
SSP,EW Scripps Co/The
OMX,OfficeMax Inc
BC,Brunswick Corp/DE
ABKFQ,Ambac Financial Group Inc/Old
CA,CA Inc
CCTYQ,Circuit City Stores Inc
NR,Newpark Resources Inc
SNV,Synovus Financial Corp
TIN,Temple-Inland LLC
ALLI,Soleo Health Holdings Inc
IFLO,I-Flow Corp
OFG,OFG Bancorp
CEGE,Cell Genesys Inc
TXU,Energy Future Holdings Corp
OLP,One Liberty Properties Inc
VNUS,Vnus Medical Technologies Inc
NCR,NCR Corp
PRK,Park National Corp
MVL,Marvel Entertainment LLC
LGN,Lodgian Inc
HTV,Hearst Television Inc
TRA,Terra Industries Inc
WSII,Waste Services Inc
CMVT,Comverse Technology Inc
PTSI,PAM Transportation Services Inc
ETFC,E*TRADE Financial Corp
ZNT,Zenith National Insurance Corp
NAV,Navistar International Corp
ORH,Odyssey Group Holdings Inc
LPX,Louisiana-Pacific Corp
IWA,Iowa Telecommunications Services Inc
RBPAA,Royal Bancshares of Pennsylvania Inc
LSTR,Landstar System Inc
FCS,Fairchild Semiconductor International Inc
CTB,Cooper Tire & Rubber Co
SCHW,Charles Schwab Corp/The
ADBE,Adobe Inc
AMGN,Amgen Inc
AAPL,Apple Inc
ADSK,Autodesk Inc
CTAS,Cintas Corp
CSCO,Cisco Systems Inc
CMCSA,Comcast Corp
GENZ,Genzyme Corp
KLAC,KLA Corp
SHS,Danfoss Power Solutions Inc
ASYTQ,Asyst Technologies Inc
MOLX,Molex LLC/US
NOVL,Micro Focus Software Inc
ORCL,Oracle Corp
PCAR,PACCAR Inc
COST,Costco Wholesale Corp
SEB,Seaboard Corp
LDIS,Leadis Technology Inc
SIAL,Sigma-Aldrich Corp
SEH,Spartech Corp
AMAT,Applied Materials Inc
BBBY,Bed Bath & Beyond Inc
CINF,Cincinnati Financial Corp
EA,Electronic Arts Inc
SJW,SJW Group
ESRX,Evernorth Health Inc
FISV,Fiserv Inc
FITB,Fifth Third Bancorp
GILD,Gilead Sciences Inc
HBAN,Huntington Bancshares Inc/OH
BIIB,Biogen Inc
LLTC,Linear Technology Corp
MXIM,Maxim Integrated Products Inc
NTRS,Northern Trust Corp
PAYX,Paychex Inc
PDCO,Patterson Cos Inc
PTC,PTC Inc
QCOM,QUALCOMM Inc
SBUX,Starbucks Corp
PMCS,Microsemi Storage Solutions Inc
SPLS,Staples Inc
GEN,Gen Digital Inc
TLAB,Infinera Optical Holding Inc
TROW,T Rowe Price Group Inc
AIRO,Airspan Networks Inc
WFM,Whole Foods Market Inc
XLNX,Xilinx Inc
ZION,Zions Bancorp NA
INTU,Intuit Inc
SANM,Sanmina Corp
CVD,Labcorp Drug Development Inc
VIAV,Viavi Solutions Inc
QLGC,QLogic LLC
APOL,Apollo Education Group Inc
SNDK,SanDisk LLC
NTAP,NetApp Inc
CTXS,Citrix Systems Inc
TRC,Tejon Ranch Co
MWW,Monster Worldwide Inc
ZAZA,ZaZa Energy Corp
CIEN,Ciena Corp
AMZN,Amazon.com Inc
VRSN,VeriSign Inc
BRCM,Broadcom Corp
KSPN,Kaspien Holdings Inc
NVDA,NVIDIA Corp
EBAY,eBay Inc
GOOGL,Alphabet Inc
JNPR,Juniper Networks Inc
IGOI,iGO Inc
SHLDQ,Sears Holdings Corp
AMCC,Applied Micro Circuits Corp
VSTNQ,Visteon Corp/Old
VLNCQ,Valence Technology Inc
IMBI,iMedia Brands Inc
AGEN,Agenus Inc
PWER,Power-One Inc
ELME,Elme Communities
DLX,Deluxe Corp
WOR,Worthington Industries Inc
TNB,ABB Installation Products Inc
TLB,Talbots Inc/The
TUP,Tupperware Brands Corp
CXR,Cox Radio Inc
CVTX,CV Therapeutics Inc
ERPLQ,Energy Partners Ltd/Old
PSD,Puget Energy Inc
AAMRQ,American Airlines Group Inc
KAI,Kadant Inc
FLO,Flowers Foods Inc
MNT,Mentor Corp
VIGN,Vignette Corp
IWOV,Interwoven Inc
VTSS,Microchip Communications LLC
GW,Grey Wolf Inc
RAMP,LiveRamp Holdings Inc
LFGRQ,LandAmerica Financial Group Inc
SAPE,Sapient Corp
DWNFQ,Downey Financial Corp
GRT,Glimcher Realty Trust
SPCBQ,Spectrum Brands Inc/Old
AURDQ,Accuride Corp/Old
HRH,Hilb Rogal & Hobbs Co
TRY,Wendy's Co/The
WHQA,W-H Energy Services LLC
TKR,Timken Co/The
PCH,PotlatchDeltic Corp
SIXFQ,Six Flags Inc
MLP,Maui Land & Pineapple Co Inc
CTDBQ,Citadel Broadcasting Corp/Old
ILA,Evergy Missouri West Inc
CAO,CSK Auto Corp
BGPTQ,BearingPoint Inc
SXCL,Steel Excel Inc
BGGSQ,Briggs & Stratton Corp
BORL,Borland Software Corp
CMOS,Credence Systems Corp
MWYGQ,Midway Games Inc
WCIMQ,WCI Communities Inc/Old
ANGO,AngioDynamics Inc
LII,Lennox International Inc
PGICQ,Progressive Gaming International Corp
CCK,Crown Holdings Inc
GRA,W R Grace & Co
AFR,American Financial Realty Trust
SIE,Sierra Health Services Inc
GAPTQ,Great Atlantic & Pacific Tea Co Inc/The
MWP,MarkWest Hydrocarbon LLC
ULBI,Ultralife Corp
RAD,Rite Aid Corp
KSU,Kansas City Southern/Old
KWD,Kellwood Co LLC
CHZ,Chittenden Corp
UBH,USB Holding Co Inc
NC,NACCO Industries Inc
CHTRQ,Charter Communications Inc/Old
SNWL,SonicWALL Inc
KNBT,KNBT Bancorp Inc
JRCOQ,Journal Register Co
HOSSQ,Hornbeck Offshore Services Inc
DCGNQ,DGI Resolution Inc
SCI,Service Corp International/US
EDO,EDO Corp
FLTWQ,Fleetwood Enterprises Inc
ISE,International Securities Exchange Holdings Inc
PTMK,Pathmark Stores Inc
SQA,Sequa Corp
ESMK,Severstal US Holdings II LLC
TEN,Tenneco Inc
DJO,DJO Opco Holdings Inc
INPC,InPhonic Inc
UIC,United Industrial Corp/MD
MTX,Minerals Technologies Inc
FRK,Florida Rock Industries Inc
OO,Oakley Inc
SGA,Saga Communications Inc
JNC,Nuveen Investments Inc
IT,Gartner Inc
ALG,Alamo Group Inc
ENN,Equity Inns Inc
POS,Catalina Marketing Corp
AVX,AVX Corp
GFR,Great American Financial Resources Inc
CSARQ,Caraustar Industries Inc
AGIXQ,Atherogenics Inc
AEL,American Equity Investment Life Holding Co
COLY,Coley Pharmaceutical Group Inc
WDGH,Woodbridge Holdings Corp
FL,Foot Locker Inc
OPSW,Opsware Inc
OATS,Wild Oats Markets Inc
HC,Exterran Energy LLC
LUMCQ,Luminent Mortgage Capital Inc
KTO,K2 Inc
TNOX,Tanox Inc
JAH,Jarden Corp
BSG,BISYS Group Inc/The
FLA,Florida East Coast Industries Inc
LECO,Lincoln Electric Holdings Inc
BOT,CBOT Holdings Inc
THE,Todco
KPA,Innkeepers USA Trust
VAS,CareFusion 202 Inc
NTRT,Netratings Inc
TQNT,Qorvo US Inc
ACTA,Actua Corp
ENCY,Encysive Pharmaceuticals Inc
PHTN,Photon Dynamics Inc
NTBKQ,Netbank Inc
HMBNQ,HomeBanc Corp/GA
LSS,Lone Star Technologies Inc
AMSC,American Superconductor Corp
ASPM,Aspect Medical Systems Inc
CSWC,Capital Southwest Corp
THX,Houston Exploration Co
KEA,Keane Inc/Old
DLP,Delta & Pine Land Co
DQE,Duquesne Light Holdings Inc
CWEI,Clayton Williams Energy Inc
CLE,Claire's Stores Inc
OSUR,OraSure Technologies Inc
ELK,ElkCorp
LUB,Luby's Inc
LFB,Longview Fibre Co
OS,Evraz Inc NA
REY,Reynolds & Reynolds Co/Old
CNW,XPO CNW Inc
WMANQ,Wellman Inc
AD,Valassis Direct Mail Inc
AZR,Aztar Corp
YELL,Yellow Corp
ELS,Equity LifeStyle Properties Inc
PLPC,Preformed Line Products Co
VVI,Viad Corp
IDNX,Identix Inc
CAL,Caleres Inc
JLG,JLG Industries Inc
MVK,Maverick Tube Corp
ULTI,UKG Inc
HDLM,Handleman Co
BCO,Brink's Co/The
CPHD,Cepheid
BSET,Bassett Furniture Industries Inc
NATL,National Interstate Corp
JRCCQ,James River Coal Co
MPWR,Monolithic Power Systems Inc
XNPT,XenoPort Inc
BRNC,Bronco Drilling Co Inc
SPXC,SPX Technologies Inc
HTMXQ,XMH Corp 1
GPI,Group 1 Automotive Inc
NURO,NeuroMetrix Inc
GCO,Genesco Inc
CNA,CNA Financial Corp
NEU,NewMarket Corp
NL,NL Industries Inc
RRA,RailAmerica Inc/Old
USG,USG Corp
PKG,Packaging Corp of America
PFSB,PennFed Financial Services Inc
ATRX,Adhera Therapeutics Inc
GTY,Getty Realty Corp
VLCY,Voyager Learning Co
SLAB,Silicon Laboratories Inc
JJZ,Zurn Holdings Inc
GLB,Glenborough Realty Trust Inc
NEWCQ,New Century Financial Corp
PNP,Pan Pacific Retail Properties Inc
CRGN,CuraGen Corp
SHAW,CB&I Group Inc
CLK,Clark Inc
RGCIQ,Townsquare Media 2010 Inc
SUI,Sun Communities Inc
YCC,Yankee Candle Co Inc/The
RADS,Radiant Systems Inc
HBP,Huttig Building Products Inc
NTMD,NitroMed Inc
SPDC,Speed Commerce Inc
HT,Hersha Hospitality Trust
GEGQQ,Global Power Equipment Group Inc/Old
MYOG,Myogen Inc
SIRV,SIRVA Inc
TONEQ,TierOne Corp
CONR,Conor Medsystems Inc
NRPH,New River Pharmaceuticals Inc
SAX,Saxon Capital Inc
NPSP,Shire-Nps Pharmaceuticals Inc
WRSPQ,WorldSpace Inc
BIO,Bio-Rad Laboratories Inc
INVHY,Invitel Holdings A/S
REVRQ,Revlon Inc
HAYZQ,Hayes Lemmerz International Inc/Post Bankruptcy 2001
SRVY,Greenfield Online Inc
UIL,UIL Holdings Corp/Old
VPI,Vintage Petroleum Inc
USM,United States Cellular Corp
HAS,Hasbro Inc
KCS,KCS Energy Inc
AVTA,Avantax Inc
ATLO,Ames National Corp
MOGN,MGI Pharma Inc
SCRX,Shionogi Pharma Inc
PGC,Peapack-Gladstone Financial Corp
GTOPQ,Genitope Corp
OVEN,TurboChef Technologies Inc
ATB,Gener8 Maritime Subsidiary III Ltd
SHU,Shurgard Storage Centers LLC
TCT,Town & Country Trust/The
PRVU,PreVu Inc
PFFBQ,PFF Bancorp Inc
NVE,NV Energy Inc
KCP,Kenneth Cole Productions Inc
EDCI,EDCI Holdings Inc
CTSH,Cognizant Technology Solutions Corp
TCMIQ,Southern Community Newspapers Inc
BMI,Badger Meter Inc
MTEM,Molecular Templates Inc
SYNT,Atos Syntel Inc
NEOL,Insys Therapeutics Inc
SRX,SRA International Inc
PRXZ,PainCare Holdings Inc
NGEN,Nanogen Inc
SUTMQ,Sun-Times Media Group Inc
KERX,Keryx Biopharmaceuticals Inc
GBX,Greenbrier Cos Inc/The
AEMI,Access to Money Inc
HTRN,HealthTronics Inc
FALC,FalconStor Software Inc
FR,First Industrial Realty Trust Inc
THMRQ,TMST Inc
SYNM,Sooner Holdings Inc
LNG,Cheniere Energy Inc
CPE,Callon Petroleum Co
STRT,Strattec Security Corp
SHRPQ,Sharper Image Corp
GAMI,GAMCO Investors Inc
TRK,Speedway Motorsports LLC
AIR,AAR Corp
GIC,Global Industrial Co
CVOVQ,Cenveo Inc
EVVV,Ev3 Inc
SYMSQ,Syms Corp
LCRY,Teledyne LeCroy Inc
DXLG,Destination XL Group Inc
FILE,Filenet Acquisition Corp
SPSS,SPSS Inc
ELRC,Electro Rent Corp
MROI,MRO Software Inc
SCUR,Secure Computing LLC
FRGBQ,First Regional Bancorp/Los Angeles CA
HYSL,Hyperion Solutions Corp
IDT,IDT Corp
ISSX,Internet Security Systems Inc
CATT,Catapult Communications Corp
IMKTA,Ingles Markets Inc
MEAS,Measurement Specialties Inc
PGI,Premiere Global Services Inc
POWL,Powell Industries Inc
DORM,Dorman Products Inc
TALX,TALX Corp
TKLC,Tekelec Global Inc
DRTE,Dendrite International Inc
GWR,Genesee & Wyoming Inc
WEYS,Weyco Group Inc
TRIDQ,Trident Microsystems Inc
ZOLT,Zoltek Cos Inc
DPTRQ,Par Pacific Holdings Inc
FFG,FBL Financial Group Inc
LNETQ,SONIFI Solutions Inc
LTRE,Learning Tree International Inc
RSAS,RSA Security LLC
MTSN,Mattson Technology Inc
CZNC,Citizens & Northern Corp
AIT,Applied Industrial Technologies Inc
PFBC,Preferred Bank/Los Angeles CA
GTRC,Guitar Center Inc
ALSK,Alaska Communications Systems Group Inc
MOVIQ,Movie Gallery Inc/Old
GDYS,Goody's LLC
EF,Pinnacle Summer Investments Inc
ILMN,Illumina Inc
BLGM,Building Materials Holding Corp
BGCP,BGC Partners Inc
HUG,Hughes Supply Inc
SCMR,Sycamore Networks Inc
SYKE,Sykes Enterprises Inc
BBAO,Bombay Co Inc/The
NTCT,NetScout Systems Inc
VLTR,Volterra Semiconductor Corp
EFSC,Enterprise Financial Services Corp
ITMN,InterMune Inc
KNXA,Kenexa Corp
ALGN,Align Technology Inc
AJG,Arthur J Gallagher & Co
NUVA,NuVasive Inc
TBBK,Bancorp Inc/The
CBONQ,Community Bancorp/NV
ULH,Universal Logistics Holdings Inc
CBEY,Cbeyond Inc
FRNTQ,Frontier Airlines Holdings Inc
CYBS,Cybersource Corp
CCBL,C-COR Inc/Old
AIPC,American Italian Pasta Co
WGR,Western Gas Resources Inc
DP,Diagnostic Products LLC
ADVS,Advent Software Inc
ARXX,Aeroflex Inc
DSCP,Datascope Corp
FINB,First Indiana Corp
IMGC,Intermagnetics General Corp
LSCP,Laserscope
MAFB,MAF Bancorp Inc
OCAS,Ohio Casualty Corp
PBKS,Provident Bankshares Corp
PLMD,PolyMedica Corp
SEPR,Sunovion Pharmaceuticals Inc
PHLY,Philadelphia Consolidated Holding Corp
FFFL,Fidelity Bankshares Inc
HARB,Harbor Florida Bancshares Inc
TRBS,Texas Regional Bancshares Inc
GBBK,Greater Bay Bancorp
ASVI,ASV Holdings Inc
NCOG,Expert Global Solutions Inc/Georgia
BSTE,Biosite Inc
GVHR,Gevity HR Inc
GISX,Xerox Business Solutions LLC
VARI,Varian Inc
MCDTA,McDATA Corp
PDGI,inVentiv Health Clinical Inc
HYDL,Hydril Co
WEBX,Cisco WebEx LLC
KOMG,WD Media LLC
GHCI,Genesis HealthCare Corp
TNM,HarperCollins Christian Publishing Inc
RNWK,RealNetworks Inc
ANT,Anteon International Corp
ALCO,Alico Inc
GEC,Forest Investments Inc
ICBC,Independence Community Bank Corp
AKAM,Akamai Technologies Inc
SYD,Sybron Dental Specialties Inc
IPMT,iPayment LLC
PMTI,Palomar Medical Technologies Inc
PEGS,Ided Inc
DAR,Darling Ingredients Inc
ATSN,Artesyn Embedded Technologies Inc
TRDO,Intrado Life & Safety Inc
HU,Hudson United Bancorp
IVX,IVAX Corp
MRLN,Marlin Business Services Corp
NDC,NDCHealth Corp
UDRL,Union Drilling Inc
MATX,Matson Inc
FUSB,First US Bancshares Inc
RCPIQ,Rock Creek Pharmaceuticals Inc
WNEB,Western New England Bancorp Inc
DTPI,Carbon Merger Subsidiary Inc
OMEX,Odyssey Marine Exploration Inc
SPLT,Spatialight Inc
FIZZ,National Beverage Corp
ALK,Alaska Air Group Inc
MTN,Vail Resorts Inc
LHCG,LHC Group Inc
GPK,Graphic Packaging Holding Co
DVD,Dover Motorsports Inc
LVB,Steinway Musical Instruments Inc
PAG,Penske Automotive Group Inc
HOFT,Hooker Furnishings Corp
OCN,Ocwen Financial Corp
NUS,Nu Skin Enterprises Inc
CBAN,Colony Bankcorp Inc
TMRK,Terremark Worldwide Inc
BRKR,Bruker Corp
TVLYQ,Tri-Valley Corp
VCEL,Vericel Corp
VTAL,Vital Images Inc
BED,Bedford Property Investors Inc
LAF,Lafarge North America Inc
ACAP,American Physicians Capital Inc
LQI,CPLG LLC
FFEX,Frozen Food Express Industries Inc
ALOG,Analogic Corp
AUTO,AutoWeb Inc
EMKR,EMCORE Corp
GEVA,Synageva BioPharma Corp
HILL,Seagate Cloud Systems Inc
VRNM,BASF Enzymes LLC
RGFCQ,R&G Financial Corp
SAH,Sonic Automotive Inc
RHP,Ryman Hospitality Properties Inc
CHH,Choice Hotels International Inc
DTGF,Dollar Thrifty Automotive Group Inc
CPD,Caraco Pharmaceutical Laboratories Ltd
RAH,TreeHouse Private Brands Inc
WCC,WESCO International Inc
CHFN,Charter Financial Corp/MD
SCS,Steelcase Inc
RWY,Rent-Way Inc
NHC,National HealthCare Corp
OSPN,OneSpan Inc
LSE,CapLease Inc
CNT,CenterPoint Properties Trust
FFKT,Farmers Capital Bank Corp
TREX,Trex Co Inc
TWI,Titan International Inc
SMMF,Summit Financial Group Inc
AXL,American Axle & Manufacturing Holdings Inc
LEU,Centrus Energy Corp
DAB,Dave & Buster's Inc
ALX,Alexander's Inc
BOY,BH Lodging Corp
ASIA,AsiaInfo-Linkage Inc
BBW,Build-A-Bear Workshop Inc
MXO,Maxtor Corp
MHX,MeriStar Hospitality Corp
MMR,McMoRan Exploration Co
PLXT,PLX Technology Inc
TRZ,Trizec Properties Inc
EVRI,Everi Holdings Inc
BEE,Strategic Hotels & Resorts Inc
SALM,Salem Media Group Inc
SNMX,Senomyx Inc
RGLD,Royal Gold Inc
PNX,Phoenix Cos Inc/The
LAVA,Magma Design Automation Inc
DRRX,Durect Corp
ARC,ARC Document Solutions Inc
BLT,Oregon Tool Inc
SUR,CNA Surety Corp
WTI,W&T Offshore Inc
ABG,Asbury Automotive Group Inc
BBGI,Beasley Broadcast Group Inc
LIOX,Lionbridge Technologies LLC
HNBC,Harleysville National Corp
PDFS,PDF Solutions Inc
PNCLQ,Pinnacle Airlines Corp
WWE,World Wrestling Entertainment Inc
WW,WW International Inc
SIRF,Sirf Technology China Holdings Inc
SYPR,Sypris Solutions Inc
PRWT,Premierwest Bancorp
PXLW,Pixelworks Inc
CRIS,Curis Inc
ISTA,ISTA Pharmaceuticals LLC
POZN,POZEN Inc
NKTR,Nektar Therapeutics
AMFIQ,Amcore Financial Inc
FLWS,1-800-Flowers.com Inc
OSTK,Overstock.com Inc
GSXN,Badlands Energy Inc
EME,EMCOR Group Inc
AEA,Advance America Cash Advance Centers Inc
ACAD,ACADIA Pharmaceuticals Inc
DDE,Dover Downs Gaming & Entertainment Inc
QTWWQ,Quantum Fuel Systems Technologies Worldwide Inc
IDIX,Idenix Pharmaceuticals LLC
MNKD,MannKind Corp
IKAN,Ikanos Communications Inc
CKEC,Carmike Cinemas Inc
LF,LeapFrog Enterprises Inc
CQB,Chiquita Brands International Inc
MGRM,Monogram Biosciences Inc
EPEXQ,Edge Petroleum Corp
NNI,Nelnet Inc
MRH,Montpelier Re Holdings Ltd
WLK,Westlake Corp
FRME,First Merchants Corp
IBI,Interline Brands Inc
AHT,Ashford Hospitality Trust Inc
CSE,CapitalSource Inc
SFNT,Thales DIS CPL USA Inc
FDRY,Foundry Networks LLC
ITC,ITC Holdings Corp
SGTL,SigmaTel LLC
TPX,Tempur Sealy International Inc
AQNT,aQuantive Inc
FMD,First Marblehead Corp/The
FPO,First Potomac Realty Trust
ADIC,Advanced Digital Information Corp
TRAD,TradeStation Group Inc
AMIS,AMIS Holdings Inc
LEXR,Lexar Media Inc
ONCT,Oncternal Therapeutics Inc
ICOS,ICOS Corp/United States
TNS,TNS Inc
KRO,Kronos Worldwide Inc
HTH,Hilltop Holdings Inc
NRGN,Neurogen Corp
CHTT,Chattem Inc
CYCL,Centennial Communications Corp
SMTL,Semitool Inc
SMMX,Symyx Technologies Inc
FADV,First Advantage Intermediate Inc
ERIE,Erie Indemnity Co
CADE,Cadence Bank
ONB,Old National Bancorp/IN
VLY,Valley National Bancorp
TUESQ,Tuesday Morning Corp
CNO,CNO Financial Group Inc
ESINQ,ITT Educational Services Inc
ETD,Ethan Allen Interiors Inc
WR,Evergy Kansas Central Inc
DPZ,Domino's Pizza Inc
EAT,Brinker International Inc
CRS,Carpenter Technology Corp
JOE,St Joe Co/The
TYL,Tyler Technologies Inc
UHS,Universal Health Services Inc
AGCO,AGCO Corp
HFC,HollyFrontier Corp
BYI,Bally Technologies Inc
RS,Reliance Steel & Aluminum Co
WLTGQ,New WEI Inc
FDS,FactSet Research Systems Inc
KOSP,KOS Pharmaceuticals Inc
APPX,Fresenius Kabi USA Inc
XRM,Andritz Fabrics & Rolls Inc
DADE,Dade Behring Holdings Inc
AMG,Affiliated Managers Group Inc
PA,Intelsat Holding Corp
ALV,Autoliv Inc
JLL,Jones Lang LaSalle Inc
PIXR,Pixar
ORA,Ormat Technologies Inc
CRL,Charles River Laboratories International Inc
ADRX,Andrx Corp
GMST,Rovi Guides Inc
WFSI,WFS Financial Inc
PETC,Petco Animal Supplies Inc
OIS,Oil States International Inc
AROPQ,ARO Liquidation Inc
XRX,Xerox Holdings Corp
HPR,HighPoint Resources Corp
CE,Celanese Corp
STXS,Stereotaxis Inc
FTO,Frontier Oil Corp
QCCO,QC Holdings Inc
MUSE,Micromuse Inc
SONE,S1 Corp
ABGX,Abgenix Inc
BWNG,Broadwing Corp
CY,Cypress Semiconductor Corp
BLC,Belo Corp
PNM,PNM Resources Inc
RYL,Ryland Group Inc/The
TXI,Texas Industries Inc
CFR,Cullen/Frost Bankers Inc
HNT,Health Net Inc/Old
SBSAA,Spanish Broadcasting System Inc
AGP,AMERIGROUP Corp
EVC,Entravision Communications Corp
LYV,Live Nation Entertainment Inc
ZIPR,ZipRealty Inc
NDN,99 Cents Only Stores LLC
JHTXQ,Jackson Hewitt Tax Service Inc
CBCGQ,Colonial BancGroup Inc/The
ORLY,O'Reilly Automotive Inc
PB,Prosperity Bancshares Inc
COO,Cooper Cos Inc/The
MAN,ManpowerGroup Inc
OII,Oceaneering International Inc
TRH,Transatlantic Holdings Inc
VHI,Valhi Inc
VSH,Vishay Intertechnology Inc
ATR,AptarGroup Inc
RMD,ResMed Inc
LAZ,Lazard Ltd
MTD,Mettler-Toledo International Inc
NTY,Nature's Bounty Co/The
ATML,Atmel Corp
TECD,Tech Data Corp
XRAY,DENTSPLY SIRONA Inc
LVLT,Level 3 Communications Inc
LBTYA,Liberty Global PLC
BMRN,BioMarin Pharmaceutical Inc
WAL,Western Alliance Bancorp
SHO,Sunstone Hotel Investors Inc
AMWD,American Woodmark Corp
AVT,Avnet Inc
CHD,Church & Dwight Co Inc
DRE,Duke Realty Corp
EGN,Energen Corp
FRT,Federal Realty Investment Trust
MDU,MDU Resources Group Inc
MGM,MGM Resorts International
OCR,Omnicare Inc
TOL,Toll Brothers Inc
URS,URS Corp
LNT,Alliant Energy Corp
EV,Eaton Vance Corp
FCH,FelCor Lodging Trust Inc
MHK,Mohawk Industries Inc
PNR,Pentair PLC
CUBE,CubeSmart
DLM,Del Monte Foods Co
REG,Regency Centers Corp
MAC,Macerich Co/The
NYCB,New York Community Bancorp Inc
MLM,Martin Marietta Materials Inc
RYN,Rayonier Inc
LPT,Liberty Property Trust
SCCO,Southern Copper Corp
BXC,BlueLinx Holdings Inc
NLY,Annaly Capital Management Inc
KNL,Knoll Inc
CCI,Crown Castle Inc
AAP,Advance Auto Parts Inc
NST,NSTAR LLC
BFH,Bread Financial Holdings Inc
DLB,Dolby Laboratories Inc
EPC,Edgewell Personal Care Co
XEC,Cimarex Energy Co
TRW,ZF TRW Automotive Holdings Corp
PXP,Plains Exploration & Production Co
HLF,Herbalife Nutrition Ltd
DLR,Digital Realty Trust Inc
LVS,Las Vegas Sands Corp
ARRO,Arrow International LLC
ORI,Old Republic International Corp
PHH,PHH Corp
OFLX,Omega Flex Inc
PDE,Pride International LLC
ANEN,Anaren Inc
HGSI,Human Genome Sciences Inc
HSC,Harsco Corp
DBI,Designer Brands Inc
CLGX,CoreLogic Inc
DST,DST Systems Inc
WTRG,Essential Utilities Inc
FCN,FTI Consulting Inc
UDR,UDR Inc
SOGCQ,Sabine Oil & Gas Corp
FCE,Forest City Realty Trust Inc
SLG,SL Green Realty Corp
HUN,Huntsman Corp
MCIP,MCI Inc/United States
WSM,Williams-Sonoma Inc
KWKAQ,Quicksilver Resources Inc
PIKE,Pike Corp
TDS,Telephone and Data Systems Inc
OSK,Oshkosh Corp
MNIQQ,JCK Legacy Co
STAR,iStar Inc
BRO,Brown & Brown Inc
OI,O-I Glass Inc
HRC,Hill-Rom Holdings Inc
SPWR,SunPower Corp
CAR,Avis Budget Group Inc
NVR,NVR Inc
RDN,Radian Group Inc
CHS,Chico's FAS Inc
PPMIQ,PMI Group Inc/The/Old
CYH,Community Health Systems Inc
ALJ,Alon USA Energy Inc
MPX,Marine Products Corp
DENN,Denny's Corp
CDNS,Cadence Design Systems Inc
JOY,Komatsu Mining Corp
AMLN,Amylin Pharmaceuticals LLC
ATVI,Activision Blizzard Inc
CELG,Celgene Corp
CEPH,Cephalon Inc
EXPD,Expeditors International of Washington Inc
FAST,Fastenal Co
LNCR,Lincare Holdings Inc
LRCX,Lam Research Corp
PDLI,PDL BioPharma Inc
ROST,Ross Stores Inc
SNPS,Synopsys Inc
VRTX,Vertex Pharmaceuticals Inc
MCHP,Microchip Technology Inc
PETM,PetSmart LLC
PTEN,Patterson-UTI Energy Inc
SIRI,Sirius XM Holdings Inc
AEO,American Eagle Outfitters Inc
DISH,DISH Network Corp
LAMR,Lamar Advertising Co
ACAS,ACAS LLC
PRDO,Perdoceo Education Corp
CEB,CEB Inc
HCBK,Hudson City Bancorp Inc
ISIL,Renesas Electronics America Inc
WYNN,Wynn Resorts Ltd
NIHDQ,NII Holdings Inc
VMED,Virgin Media Inc/Old
EXPE,Expedia Group Inc
DISCA,Warner Bros Discovery Inc
LPNT,Legacy LifePoint Health LLC
ACCO,ACCO Brands Corp
RAIL,FreightCar America Inc
BRCD,Brocade Communications Systems LLC
AOS,A O Smith Corp
BKD,Brookdale Senior Living Inc
MODG,Topgolf Callaway Brands Corp
DLIAQ,dELiA*s Inc
ARBA,Ariba Inc
GES,Guess? Inc
KRG,Kite Realty Group Trust
STX,Seagate Technology Holdings PLC
TRN,Trinity Industries Inc
CBRL,Cracker Barrel Old Country Store Inc
ARE,Alexandria Real Estate Equities Inc
MMS,Maximus Inc
WGO,Winnebago Industries Inc
WXH,Winston Hotels Inc
CFCP,Coastal Financial Corp/SC
NREB,Northern Empire Bancshares
UNS,UNS Energy Corp
SNBI,BBVA USA Bancshares Inc/Fort Worth TX
MHL,MortgageIT Holdings Inc
SBIT,Summit Bancshares Inc/TX
SFFS,Sound Federal Bancorp Inc
CMTY,Community Banks Inc/PA
CERG,Ceres Group Inc
FOBB,First Oak Brook Bancshares Inc
IFCJ,Interchange Financial Services Corp
SLFI,Sterling Financial Corp/PA
TARRQ,Tarragon Corp
OMEF,Omega Financial Corp
ALAB,Alabama National Bancorporation
YANB,Yardville National Bancorp
DFCLQ,Delta Financial Corp
GBTB,GB&T Bancshares Inc
USIH,USI Holdings Corp
APOG,Apogee Enterprises Inc
WLSC,Williams Scotsman International Inc
CCBI,Commercial Capital Bancorp Inc
FICC,Fieldstone Investment Corp
KMA,KMG America Corp
RUTX,Republic Cos Group Inc
WSBA,Western Sierra Bancorp
MSBK,Main Street Banks Inc
EDMCQ,Education Management Corp
CFSI,Education Services Co/Virginia
UNIZ,Unizan Financial Corp
CCCG,CCC Information Services Group Inc
CBMD,Columbia Bancorp/MD
CCBN,Central Coast Bancorp
AIN,Albany International Corp
OA,Northrop Grumman Innovation Systems Inc
ANN,ANN Inc
ATO,Atmos Energy Corp
BOH,Bank of Hawaii Corp
B,Barnes Group Inc
BKH,Black Hills Corp
BRE,BEX Portfolio LLC
MTRN,Materion Corp
CBT,Cabot Corp
CSL,Carlisle Cos Inc
CDI,CDI Corp
CNL,Cleco Corporate Holdings LLC
CV,Central Vermont Public Service Corp
CHE,Chemed Corp
CBB,Cincinnati Bell Inc
CLC,CLARCOR Inc
CMC,Commercial Metals Co
CTS,CTS Corp
CW,Curtiss-Wright Corp
DBD,Diebold Nixdorf Inc
DCI,Donaldson Co Inc
DY,Dycom Industries Inc
ESE,ESCO Technologies Inc
ESL,Esterline Technologies Corp
FSS,Federal Signal Corp
FCF,First Commonwealth Financial Corp
GATX,GATX Corp
AJRD,Aerojet Rocketdyne Holdings Inc
GGG,Graco Inc
HAE,Haemonetics Corp
AVNT,Avient Corp
HE,Hawaiian Electric Industries Inc
MTH,Meritage Homes Corp
HMN,Horace Mann Educators Corp
UBA,Urstadt Biddle Properties Inc
FRCMQ,FairPoint Communications Inc/Old
HUBB,Hubbell Inc
IDA,IDACORP Inc
IEX,IDEX Corp
INT,World Fuel Services Corp
IRF,Infineon Technologies Americas Corp
AXE,Anixter International Inc
GXP,Great Plains Energy Inc
KMT,Kennametal Inc
LZB,La-Z-Boy Inc
SR,Spire Inc
MDC,MDC Holdings Inc
ALE,ALLETE Inc
MLI,Mueller Industries Inc
NFG,National Fuel Gas Co
NPK,National Presto Industries Inc
NJR,New Jersey Resources Corp
OGE,OGE Energy Corp
OLN,Olin Corp
OSGIQ,Overseas Shipholding Group Inc/Old
OMI,Owens & Minor Inc
OXM,Oxford Industries Inc
PKE,Park Aerospace Corp
AFG,American Financial Group Inc/OH
PVH,PVH Corp
PNY,Piedmont Natural Gas Co Inc
RJF,Raymond James Financial Inc
RLI,RLI Corp
RTI,RTI International Metals Inc
ROL,Rollins Inc
HTSI,Harris Teeter Supermarkets Inc
SJI,South Jersey Industries Inc
SWX,Southwest Gas Holdings Inc
SMP,Standard Motor Products Inc
CAA,CalAtlantic Group Inc/old
SXI,Standex International Corp
SF,Stifel Financial Corp
RGR,Sturm Ruger & Co Inc
SUP,Superior Industries International Inc
SFYWQ,Swift Energy Co/Texas
THO,Thor Industries Inc
TR,Tootsie Roll Industries Inc
TTC,Toro Co/The
TG,Tredegar Corp
UGI,UGI Corp
UNF,UniFirst Corp/MA
UNTCQ,Unit Corp
SXT,Sensient Technologies Corp
UHT,Universal Health Realty Income Trust
UVV,Universal Corp/VA
VCI,Valassis Communications Inc
WGL,WGL Holdings Inc
AVA,Avista Corp
WRI,Weingarten Realty Investors
WST,West Pharmaceutical Services Inc
WWW,Wolverine World Wide Inc
HNI,HNI Corp
SON,Sonoco Products Co
SRCTQ,Standard Register Co/The
ACO,AMCOL International Corp
CBKCQ,Christopher & Banks Corp
BHE,Benchmark Electronics Inc
BKE,Buckle Inc/The
CNR,Cornerstone Building Brands Inc
BRC,Brady Corp
SVNTQ,Savient Pharmaceuticals Inc
CATO,Cato Corp/The
ARDNA,Arden Group Inc
CBM,Cambrex Corp
CBU,Community Bank System Inc
CDR,Cedar Realty Trust Inc
CKP,Checkpoint Systems Inc
CRK,Comstock Resources Inc
CMD,Cantel Medical LLC
BH,Biglari Holdings Inc
DFG,Delphi Financial Group Inc
LCII,LCI Industries
EGP,EastGroup Properties Inc
ENZ,Enzo Biochem Inc
FNB,FNB Corp/PA
MSSR,McCormick & Schmick's Seafood Restaurants Inc
OUTD,Outdoor Channel Holdings Inc
FBP,First BanCorp/Puerto Rico
FICO,Fair Isaac Corp
SPNX,SESI Holdings Inc
FUL,HB Fuller Co
GVA,Granite Construction Inc
HVT,Haverty Furniture Cos Inc
DIN,Dine Brands Global Inc
ARIA,ARIAD Pharmaceuticals Inc
IOGPQ,ION Geophysical Corp
GFF,Griffon Corp
IVCRQ,Invacare Corp
ITG,Investment Technology Group Inc
SURW,SureWest Communications/Old
KDN,Kaydon Corp
KEX,Kirby Corp
FXEN,FX Energy Inc
LDR,Landauer Inc
LNN,Lindsay Corp
PRA,ProAssurance Corp
OLED,Universal Display Corp
MRX,Medicis Pharmaceutical Corp
MSA,MSA Safety Inc
MOG,Moog Inc
RT,Ruby Tuesday Inc
MCS,Marcus Corp/The
MCY,Mercury General Corp
MYE,Myers Industries Inc
NNN,National Retail Properties Inc
NWN,Northwest Natural Holding Co
BRSWQ,Bristow Group Inc/old
ORB,Orbital Sciences Corp
PGNX,Progenics Pharmaceuticals Inc
CUZ,Cousins Properties Inc
APA,APA Corp
PRET,Pennsylvania Real Estate Investment Trust
SKS,Saks Inc
PVAHQ,Ranger Oil Corp
ZQKSQ,Boardriders Inc
RRX,Regal Rexnord Corp
RGS,Regis Corp
OFC,Corporate Office Properties Trust
RBN,Robbins & Myers Inc
ROG,Rogers Corp
RPM,RPM International Inc
SCL,Stepan Co
SMG,Scotts Miracle-Gro Co/The
SFD,Smithfield Foods Inc
CEC,Old Claimco LLC
BXMT,Blackstone Mortgage Trust Inc
STC,Stewart Information Services Corp
PII,Polaris Inc
SUG,Southern Union Co
MW,Men's Wearhouse LLC/The
SWS,SWS Group Inc
AWR,American States Water Co
TNC,Tennant Co
TMP,Tompkins Financial Corp
TFX,Teleflex Inc
TTI,TETRA Technologies Inc
ARW,Arrow Electronics Inc
KMPR,Kemper Corp
VMI,Valmont Industries Inc
WTS,Watts Water Technologies Inc
BFIN,BankFinancial Corp
WBS,Webster Financial Corp
WLY,John Wiley & Sons Inc
WSO,Watsco Inc
SKT,Tanger Factory Outlet Centers Inc
PQUEQ,PetroQuest Energy Inc
LTC,LTC Properties Inc
OHI,Omega Healthcare Investors Inc
TCO,Taubman Centers Inc
SM,SM Energy Co
DXCM,Dexcom Inc
CKH,SEACOR Holdings Inc
AKR,Acadia Realty Trust
RGA,Reinsurance Group of America Inc
GEF,Greif Inc
PPS,Post Properties Inc
BYD,Boyd Gaming Corp
MOV,Movado Group Inc
ZLC,Zale Corp
BFS,Saul Centers Inc
MHO,M/I Homes Inc
CLP,Colonial Properties Trust
OMG,Vectra Co
INGNQ,Introgen Therapeutics Inc
LXP,LXP Industrial Trust
HHS,Harte Hanks Inc
MAA,Mid-America Apartment Communities Inc
POLY,Plantronics Inc
AF,Astoria Financial Corp
ALB,Albemarle Corp
TBI,TrueBlue Inc
EXP,Eagle Materials Inc
HIW,Highwoods Properties Inc
SSD,Simpson Manufacturing Co Inc
BTH,Partylite Inc
CGX,Consolidated Graphics Inc
ESS,Essex Property Trust Inc
GEO,GEO Group Inc/The
HW,Headwaters Inc
VRE,Veris Residential Inc
PESXQ,Pioneer Energy Services Corp
O,Realty Income Corp
PYXSQ,Old Holdco Inc
SVC,Service Properties Trust
RWT,Redwood Trust Inc
WAB,Westinghouse Air Brake Technologies Corp
LSI,Life Storage Inc
MD,Pediatrix Medical Group Inc
OVTI,OmniVision Technologies Inc
CRRTQ,CARBO Ceramics Inc
PSS,Payless Inc
THG,Hanover Insurance Group Inc/The
MATV,Mativ Holdings Inc
ANH,Anworth Mortgage Asset Corp
IM,Ingram Micro Inc
RASFQ,RAIT Financial Trust
NCI,Guidehouse Inc
HORC,Horizon Health Corp
MFA,MFA Financial Inc
TGI,Triumph Group Inc
MDCC,Molecular Devices Corp
ARQL,ArQule Inc
IDXC,IDX Systems Corp
SLNK,Spectralink Corp
ADC,Agree Realty Corp
NTIQ,NetIQ Corp
LAD,Lithia Motors Inc
DEBS,DEB Shops Inc
NSP,Insperity Inc
KRC,Kilroy Realty Corp
DEL,Deltic Timber Corp
MDS,Midas Inc
CXW,CoreCivic Inc
XLTC,Excel Technology Inc
DSHK,Drive Shack Inc
FIX,Comfort Systems USA Inc
EPR,EPR Properties
EQY,Equity One Inc
ANST,Ansoft Corp
SFL,SFL Corp Ltd
DRQ,Dril-Quip Inc
ABR,Arbor Realty Trust Inc
IN,Intermec Inc
URI,United Rentals Inc
INGR,Ingredion Inc
LHO,LaSalle Hotel Properties
HZO,MarineMax Inc
KFY,Korn Ferry
SKX,Skechers USA Inc
CNC,Centene Corp
AAI,AirTran Holdings Inc
CRI,Carter's Inc
IRC,IRC Retail Centers Inc
DHC,Diversified Healthcare Trust
SSINQ,Stage Stores Inc
SFG,StanCorp Financial Group Inc
XJT,ExpressJet Holdings Inc
CIR,CIRCOR International Inc
MESAQ,Mesa Air Group Inc
VVC,Vectren Corp
SKYW,SkyWest Inc
JBLU,JetBlue Airways Corp
BNT,Teva Spanish Holdco Inc
GHL,Greenhill & Co Inc
UAPH,UAP Holding Corp
PRAI,PRA International Delaware Inc
KYPH,Kyphon Americas Inc
MFB,Maidenform Brands LLC
HME,Home Properties Inc
CLRK,Color Kinetics Inc
WCG,WellCare Health Plans Inc
TDY,Teledyne Technologies Inc
HPY,Heartland Payment Systems Inc
DKS,Dick's Sporting Goods Inc
STBC,State Bancorp Inc/NY
ITGR,Integer Holdings Corp
GPN,Global Payments Inc
UTI,Universal Technical Institute Inc
SNX,TD SYNNEX Corp
AYI,Acuity Brands Inc
AMN,AMN Healthcare Services Inc
SMA,Symmetry Medical Inc
KND,Kindred Healthcare LLC
CMP,Compass Minerals International Inc
ENS,EnerSys
NPO,EnPro Industries Inc
RDDYQ,Reddy Ice Holdings Inc/Old
PFS,Provident Financial Services Inc
MOH,Molina Healthcare Inc
PIPR,Piper Sandler Cos
ASB,Associated Banc-Corp
CAB,Cabela's Inc
ACC,American Campus Communities Inc
EXR,Extra Space Storage Inc
MFW,M&F Worldwide Corp
MPW,Medical Properties Trust Inc
DRH,DiamondRock Hospitality Co
JERT,JER Investors Trust Inc
NP,Neenah Inc
BDC,Belden Inc
DRC,Dresser-Rand Group Inc
PBH,Prestige Consumer Healthcare Inc
IMH,Impac Mortgage Holdings Inc
WEX,WEX Inc
TRXAQ,Tronox Inc/Old
UHAL,U-Haul Holding Co
THS,TreeHouse Foods Inc
MAIR,MAIR Holdings Inc
NOVC,Novation Cos Inc
RSTO,Restoration Hardware Inc
BMNM,Bimini Capital Management Inc
NFLDQ,Northfield Laboratories Inc
ADBL,Audible Inc
RNVS,Renovis Inc
AHMIQ,American Home Mortgage Investment Corp
DPL,DPL Inc
ADLR,Adolor Corp
KCI,Kinetic Concepts Inc
KIDBQ,Kid Brands Inc
ARJ,Arch Chemicals Inc
DRTK,Duratek Inc/United States
TBL,Timberland LLC/DE
ORCH,Orchid Cellmark Inc
NHP,Nationwide Health Properties Inc
SRT,StarTek Inc
KFN,KKR Financial Holdings LLC
RHB,Rehabcare Group LLC
ECRO,ECC Capital Corp
WL,Wilmington Trust Corp
JAS,Jo-Ann Stores LLC
VOLT,Volt Information Sciences Inc
SVR,Syniverse Holdings LLC/DE
BKFG,BKF Capital Group Inc
KLIC,Kulicke & Soffa Industries Inc
KOPN,Kopin Corp
MCCK,Mestek Inc
SYMM,Microsemi Frequency and Time Corp
VOXX,VOXX International Corp
JRN,Journal Communications Inc
CYBX,Cyberonics Inc
UTEK,Ultratech Inc
IVAC,Intevac Inc
OSIS,OSI Systems Inc
EPAY,Bottomline Technologies Inc/DE
RNOW,RightNow Technologies Inc
OPLK,Oplink Communications Inc
TLEO,Taleo Corp
IOSP,Innospec Inc
KEI,Keithley Instruments LLC
NLS,Nautilus Inc
AROW,Arrow Financial Corp
LNY,Landry's Inc
HEW,Aon Hewitt LLC
ACF,General Motors Financial Co Inc
GLAE,GlassBridge Enterprises Inc
VRNT,Verint Systems Inc
CPF,Central Pacific Financial Corp
CACB,Cascade Bancorp
WNC,Wabash National Corp
NLC,Nalco Holding Co
IRWNQ,Irwin Financial Corp
FBC,Flagstar Bancorp Inc
CEMJQ,Chemtura Corp/Old
FOE,Ferro Corp
NKT,Newkirk Realty Trust Inc
AXLL,Axiall Corp
CJHBQ,Champion Enterprises Inc
HOV,Hovnanian Enterprises Inc
DWA,DreamWorks Animation LLC
MTOR,Meritor Inc
KIDEQ,4Kids Entertainment Inc/Old
FBNIQ,Furniture Brands International Inc
REGN,Regeneron Pharmaceuticals Inc
JDAS,Blue Yonder Group Inc
STMP,Auctane Inc
PFWD,Phase Forward Inc
FFEDQ,FirstFed Financial Corp
LBYYQ,Libbey Inc
MCOAQ,Monaco Coach Corp
CIX,CompX International Inc
JACK,Jack in the Box Inc
BGPIQ,Borders Group Inc
HRZL,Matson Alaska Inc
SRZ,Sunrise Senior Living LLC
ASEI,American Science and Engineering Inc
GGXY,Golf Galaxy Inc
TSA,Sports Authority Inc/The
UONEK,Urban One Inc
AUD,Audacy Inc
CHSI,Catalyst Health Solutions Inc
LEE,Lee Enterprises Inc
PSB,PS Business Parks Inc
DITC,Ditech Networks Inc
KEM,KEMET Corp
CSKEQ,Canal Corp
CI,Cigna Group/The
HYC,Hypercom Corp
IDMCQ,IndyMac Bancorp Inc
UCAP,United Capital Corp
PACW,PacWest Bancorp
ROVI,Rovi Corp
COHM,All American Group Inc
MGI,MoneyGram International Inc
SGGHU,Elah Holdings Inc
HPHWQ,Hooper Holmes Inc
ESIO,Electro Scientific Industries Inc
EXAR,Exar Corp
TILE,Interface Inc
KAMN,Kaman Corp
SMTC,Semtech Corp
ENWV,Endwave Corp
FEIC,FEI Co
HLIT,Harmonic Inc
AEIS,Advanced Energy Industries Inc
PSEM,Pericom Semiconductor Corp
CCO,Clear Channel Outdoor Holdings Inc
SLXP,Salix Pharmaceuticals Ltd
SPTN,SpartanNash Co
FARO,FARO Technologies Inc
CNQR,Concur Technologies Inc
ACLS,Axcelis Technologies Inc
BCSI,Blue Coat Systems LLC
MDTH,MedCath Corp
LSCC,Lattice Semiconductor Corp
ABWTQ,Resolute FP US Inc
ASTE,Astec Industries Inc
AZTA,Azenta Inc
BZH,Beazer Homes USA Inc
ACIW,ACI Worldwide Inc
BHS,Brookfield Homes Corp
GLT,Glatfelter Corp
CASLQ,AM Castle & Co
ENDRQ,Endeavour International Corp
SORCQ,Ten Pubco Inc
PLA,Playboy Enterprises Inc
ABIO,ARCA biopharma Inc
ARBX,ICS Group Holdings Inc
PIRRQ,Pier 1 Imports Inc
MEIP,MEI Pharma Inc
TECUA,Tecumseh Products Co
POWI,Power Integrations Inc
PDCE,PDC Energy Inc
BOBE,Bob Evans Farms Inc/DE
KELYA,Kelly Services Inc
CBCRQ,Capitol Bancorp Ltd
LNCE,Snyder's-Lance Inc
MENT,Mentor Graphics Corp
MLKN,MillerKnoll Inc
PRGO,Perrigo Co PLC
ESND,Essendant Inc
ABCWQ,Anchor BanCorp Wisconsin Inc/Old
ARCB,ArcBest Corp
PNRA,Panera Bread Co
AON,Aon PLC
ACAT,Arctic Cat Inc
SWKS,Skyworks Solutions Inc
TVTY,Tivity Health Inc
BELFB,Bel Fuse Inc
BKUNQ,BankUnited Financial Corp
MECAQ,Reorganized Magna Entertainment Corp
BLUD,Immucor Inc
ABMD,ABIOMED Inc
TBV,Tiens Biotech Group USA Inc
TSFG,South Financial Group Inc/The
CAKE,Cheesecake Factory Inc/The
CASY,Casey's General Stores Inc
VWTR,Vidler Water Resouces Inc
CATY,Cathay General Bancorp
ENZN,Enzon Pharmaceuticals Inc
CERN,Cerner Corp
CGNX,Cognex Corp
CMTL,Comtech Telecommunications Corp
CNMD,CONMED Corp
HRLY,Herley Industries Inc
COHU,Cohu Inc
IMGN,ImmunoGen Inc
CYPB,Cypress Bioscience Inc
CRDN,3M Technical Ceramics Inc
ASNAQ,Mahwah Bergen Retail Group Inc
DGII,Digi International Inc
MERC,Mercer International Inc
DIOD,Diodes Inc
DNEX,Dionex Corp
FMER,FirstMerit Corp
VXRT,Vaxart Inc
FINL,Finish Line Inc/The
FMBI,First Midwest Bancorp Inc/IL
FOSL,Fossil Group Inc
FREDQ,Fred's Inc
GBCI,Glacier Bancorp Inc
GLBC,Global Crossing Ltd
DDD,3D Systems Corp
GNCMA,GCI Liberty Inc/AK
GNTX,Gentex Corp
HCSG,Healthcare Services Group Inc
HOLX,Hologic Inc
WMAR,West Marine Inc
HTCH,Hutchinson Technology Inc
ISSI,Integrated Silicon Solution Inc
HTLD,Heartland Express Inc
CETV,Central European Media Enterprises Ltd
IBCP,Independent Bank Corp/MI
CWCO,Consolidated Water Co Ltd
ICUI,ICU Medical Inc
FSCI,Sinclair Television of Seattle Inc
IDTI,Integrated Device Technology Inc
IDXX,IDEXX Laboratories Inc
GSOL,Global Sources Ltd
AEGN,Aegion Corp
JBHT,JB Hunt Transport Services Inc
JJSF,J & J Snack Foods Corp
JKHY,Jack Henry & Associates Inc
RBC,RBC Bearings Inc
KSWS,K-Swiss Inc
LANC,Lancaster Colony Corp
DSGR,Distribution Solutions Group Inc
LOJN,LoJack Corp
LUFK,Lufkin Industries Inc
MCRS,MICROS Systems Inc
ASTX,Astex Pharmaceuticals Inc
MEI,Methode Electronics Inc
OPCH,Option Care Health Inc
MMSI,Merit Medical Systems Inc
GERN,Geron Corp
MSCC,Microsemi Corp
MTSC,MTS Systems Corp
EVEIQ,Evergreen Energy Inc
NAFC,Nash Finch Co
SEAC,SeaChange International Inc
NDSN,Nordson Corp
ODFL,Old Dominion Freight Line Inc
ELON,Echelon Corp
AGYS,Agilysys Inc
PLAB,Photronics Inc
PLFE,Presidential Life LLC
PLXS,Plexus Corp
PRGS,Progress Software Corp
EXTR,Extreme Networks Inc
NXGN,NextGen Healthcare Inc
SAFM,Sanderson Farms Inc
SCHL,Scholastic Corp
CALP,Caliper Life Sciences Inc
SEIC,SEI Investments Co
SHLM,Lyondellbasell Advanced Polymers Inc
DNDNQ,Dendreon Corp
SIGI,Selective Insurance Group Inc
DSCM,drugstore.com Inc
SIVB,SVB Financial Group
SMRTQ,Stein Mart Inc
ISPH,Inspire Pharmaceuticals Inc
SMSC,Standard Microsystems Corp
KEYN,Keynote Systems Inc
SONC,Sonic Corp
WBMD,WebMD Health Corp
SUPX,Supertex Inc
PBSOQ,Point Blank Solutions Inc
SUSQ,Susquehanna Bancshares Inc
TECH,Bio-Techne Corp
FNSR,Finisar Corp
LNW,Light & Wonder Inc
AAON,AAON Inc
THQIQ,THQ Inc
ABAX,Abaxis Inc
TRMB,Trimble Inc
ADVBQ,Advanta Corp
TRST,TrustCo Bank Corp NY
ALKS,Alkermes PLC
UBSI,United Bankshares Inc/WV
ASGR,America Service Group Inc
UFCS,United Fire Group Inc
VICR,Vicor Corp
BONTQ,Bon-Ton Stores Inc/The
WABC,Westamerica BanCorp
TTEK,Tetra Tech Inc
WDFC,WD-40 Co
CACH,Cache Inc
WERN,Werner Enterprises Inc
AMKR,Amkor Technology Inc
WAFD,Washington Federal Inc
CRBC,Citizens Republic Bancorp Inc
WRLD,World Acceptance Corp
WCBO,West Coast Bancorp/OR
WTNY,Whitney Holding Corp/LA
CENT,Central Garden & Pet Co
XRIT,X-Rite Inc
CHCO,City Holding Co
ZBRA,Zebra Technologies Corp
TCF,TCF Financial Corp
LFUS,Littelfuse Inc
RIGL,Rigel Pharmaceuticals Inc
APEX,Apex Global Brands Inc
SBIB,Sterling Bancshares Inc/TX
CLH,Clean Harbors Inc
SHFL,SHFL Entertainment Inc
COLB,Columbia Banking System Inc
BBOX,Black Box Corp
WOLF,Wolfspeed Inc
LMNX,Luminex Corp
CRRC,Courier Corp
GYMB,Gymboree Corp/The
CRVL,CorVel Corp
PSUNQ,Pacific Sunwear of California LLC
CTWS,Connecticut Water Service Inc
CVBF,CVB Financial Corp
FLIR,FLIR Systems Inc
PZZA,Papa John's International Inc
DGICA,Donegal Group Inc
AVID,Avid Technology Inc
LXRX,Lexicon Pharmaceuticals Inc
MNTG,MTR Gaming Group Inc
DECK,Deckers Outdoor Corp
EFII,Electronics For Imaging Inc
UFPI,UFP Industries Inc
EMCI,EMC Insurance Group Inc
ATMI,Entegris Professional Solutions Inc
ENERQ,Energy Conversion Devices Inc
URBN,Urban Outfitters Inc
EXPO,Exponent Inc
MATK,Martek Biosciences Corp
FBNC,First Bancorp/Southern Pines NC
FWRD,Forward Air Corp
FCNCA,First Citizens BancShares Inc/NC
HAIN,Hain Celestial Group Inc/The
FELE,Franklin Electric Co Inc
TSCO,Tractor Supply Co
FFBC,First Financial Bancorp
CPRT,Copart Inc
FFCH,First Financial Holdings Inc/Old
DAKT,Daktronics Inc
ARNA,Arena Pharmaceuticals Inc
FULT,Fulton Financial Corp
SNIC,Sonic Solutions LLC
GRAN,Bank of Granite Corp
DSPG,DSP Group Inc
GSBC,Great Southern Bancorp Inc
BPFH,Boston Private Financial Holdings Inc
HWC,Hancock Whitney Corp
MINI,Mobile Mini Inc
HGIC,Harleysville Group Inc
SCSC,ScanSource Inc
HITK,Hi-Tech Pharmacal Co Inc
JOSB,Jos A Bank Clothiers Inc
HRZB,Horizon Financial Corp
MSO,Martha Stewart Living Omnimedia Inc
IDCC,InterDigital Inc
COHR,Coherent Corp
CELL,Brightpoint Inc
INDB,Independent Bank Corp
ISCA,International Speedway Corp
ISYS,Integral Systems Inc/MD
MSFG,MainSource Financial Group Inc
WIBC,Wilshire Bancorp Inc
IPAR,Inter Parfums Inc
NSIT,Insight Enterprises Inc
KBAL,Kimball International Inc
MCRL,Micrel Inc
VIVO,Meridian Bioscience Inc
VECO,Veeco Instruments Inc
LAYN,Layne Christensen Co
UPBD,Upbound Group Inc
LCUT,Lifetime Brands Inc
NATI,National Instruments Corp
SGEN,Seagen Inc
CKXE,CORE Media Group Inc
DLTR,Dollar Tree Inc
LYTS,LSI Industries Inc
IART,Integra LifeSciences Holdings Corp
MBTF,MBT Financial Corp
LCAV,LCA-Vision Inc
BTFG,BancTrust Financial Group Inc
RSYS,Radisys Corp
MIDD,Middleby Corp/The
HSIC,Henry Schein Inc
MGEE,MGE Energy Inc
POOL,Pool Corp
MGRC,McGrath RentCorp
CENX,Century Aluminum Co
MNRO,Monro Inc
PPDI,Pharmaceutical Product Development LLC
MRTN,Marten Transport Ltd
CSGS,CSG Systems International Inc
MSEX,Middlesex Water Co
CPWM,Cost Plus Inc
NAVG,Navigators Group Inc/The
AFFX,Affymetrix Inc
NBTB,NBT Bancorp Inc
ANSS,ANSYS Inc
NPBC,National Penn Bancshares Inc
ARTC,ArthroCare Corp
OTTR,Otter Tail Corp
PRXL,PAREXEL International Corp
PARL,Parlux Fragrances LLC
USNA,USANA Health Sciences Inc
PBCT,People's United Financial Inc
KNSY,DSM Biomedical Inc
RNST,Renasant Corp
CTBI,Community Trust Bancorp Inc
HOPE,Hope Bancorp Inc
HAFC,Hanmi Financial Corp
RAVN,Raven Industries Inc
HUBG,Hub Group Inc
REXI,Resource America Inc
PLCM,Polycom Inc
CORSQ,Corus Bankshares Inc
JAKK,JAKKS Pacific Inc
UEIC,Universal Electronics Inc
HIBB,Hibbett Inc
RSCR,Res-Care Inc
HOTT,Hot Topic Inc
GSIC,Radial Commerce Inc
SRCL,Stericycle Inc
SBCF,Seacoast Banking Corp of Florida
CYMI,Cymer Inc
SFNC,Simmons First National Corp
UNFI,United Natural Foods Inc
CRMT,America's Car-Mart Inc/TX
HLX,Helix Energy Solutions Group Inc
SRCE,1st Source Corp
WTFC,Wintrust Financial Corp
STBA,S&T Bancorp Inc
STLD,Steel Dynamics Inc
ENSI,Spire EnergySouth Inc
STFC,State Auto Financial Corp
VSAT,Viasat Inc
WRESQ,Warren Resources Inc
WSFS,WSFS Financial Corp
PWAVQ,Powerwave Technologies Inc
SCNB,Suffolk Bancorp
PLCE,Children's Place Inc/The
SWWC,Southwest Water Co
EPIQ,Epiq Systems Inc
SYBT,Stock Yards Bancorp Inc
RFMD,RF Micro Devices Inc
THFF,First Financial Corp/IN
UMPQ,Umpqua Holdings Corp
TRMK,Trustmark Corp
TTWO,Take-Two Interactive Software Inc
UAM,Universal American Corp
UMBF,UMB Financial Corp
CHRW,CH Robinson Worldwide Inc
USAK,USA Truck Inc
USPH,US Physical Therapy Inc
SRDX,Surmodics Inc
VNBCQ,Vineyard National Bancorp
MANH,Manhattan Associates Inc
WASH,Washington Trust Bancorp Inc
BRKL,Brookline Bancorp Inc
WIRE,Encore Wire Corp
MRCY,Mercury Systems Inc
WSBC,WesBanco Inc
AMSG,Amsurg Corp
ZOLL,Zoll Medical Corp
HSII,Heidrick & Struggles International Inc
AHCI,Allied Healthcare International Inc
SCHSQ,School Specialty Inc/Old
QUMU,Qumu Corp
FNFG,First Niagara Financial Group Inc
STLY,HG Holdings Inc
ISRG,Intuitive Surgical Inc
PVTB,PrivateBancorp Inc
SCVL,Shoe Carnival Inc
SNBR,Sleep Number Corp
CHDN,Churchill Downs Inc
UCBHQ,UCBH Holdings Inc
TCBK,TriCo Bancshares
COCOQ,Corinthian Colleges Inc
BANF,BancFirst Corp
PFCB,PF Chang's China Bistro Inc
PERY,Perry Ellis International Inc
EWBC,East West Bancorp Inc
SPGZ,Spectrum Group International Inc
FFIV,F5 Inc
PFC,Premier Financial Corp
ZD,Ziff Davis Inc
MCRI,Monarch Casino & Resort Inc
RTEC,Rudolph Technologies Inc
GMCR,Keurig Green Mountain Inc
UNTD,United Online Inc
NPSI,North Pittsburgh Systems Inc
AUB,Atlantic Union Bankshares Corp
VTIV,Syneos Health US Inc
CTCI,CT Communications Inc
ROCK,Gibraltar Industries Inc
AMMD,Astora Women's Health Holdings LLC
SCHN,Schnitzer Steel Industries Inc
SYNA,Synaptics Inc
UPCS,UbiquiTel Inc
TGIC,Triad Guaranty Inc
VSEA,Varian Semiconductor Equipment Associates Inc
WBSN,Websense LLC
FFIN,First Financial Bankshares Inc
MANT,ManTech International Corp/VA
FSNMQ,First State Bancorporation/NM
UTSI,UTStarcom Holdings Corp
OSBC,Old Second Bancorp Inc
CCMP,CMC Materials Inc
OKSB,Southwest Bancorp Inc
NTGR,NETGEAR Inc
SHOO,Steven Madden Ltd
BKMU,Bank Mutual Corp
GTIV,Gentiva Health Services Inc
PEBO,Peoples Bancorp Inc/OH
ODSY,Odyssey HealthCare Inc
NNBR,NN Inc
CCRN,Cross Country Healthcare Inc
CLFC,Center Financial Corp/CA
LKQ,LKQ Corp
LKFN,Lakeland Financial Corp
CCOWQ,Capital Corp of the West
SAFT,Safety Insurance Group Inc
FCBC,First Community Bankshares Inc
RRGB,Red Robin Gourmet Burgers Inc
HSON,Hudson Global Inc
SHEN,Shenandoah Telecommunications Co
PRAA,PRA Group Inc
CCBG,Capital City Bank Group Inc
IPCC,Infinity Property and Casualty Corp
VCBI,Virginia Commerce Bancorp Inc
FBTXQ,Franklin Bank Corp
ABCB,Ameris Bancorp
PENN,Penn Entertainment Inc
MATW,Matthews International Corp
METR,Metro Bancorp Inc
BUCY,Bucyrus International Inc
IBKC,IBERIABANK Corp
MBFI,MB Financial Inc
CVLG,Covenant Logistics Group Inc
NATR,Nature's Sunshine Products Inc
NWBI,Northwest Bancshares Inc
ANDE,Andersons Inc/The
MCHX,Marchex Inc
SASR,Sandy Spring Bancorp Inc
SLGN,Silgan Holdings Inc
SBGI,Sinclair Broadcast Group Inc
CBZ,CBIZ Inc
WSGI,World Surveillance Group Inc
IBOC,International Bancshares Corp
BANR,Banner Corp
MNTA,Momenta Pharmaceuticals Inc
AWBCQ,AmericanWest Bancorp
KFRC,Kforce Inc
IMPCQ,Imperial Capital Bancorp Inc
ZRAN,Zoran Corp
ELNK,EarthLink Holdings Corp
NBIX,Neurocrine Biosciences Inc
RUSHA,Rush Enterprises Inc
TTEC,TTEC Holdings Inc
OCFC,OceanFirst Financial Corp
PEGA,Pegasystems Inc
MYGN,Myriad Genetics Inc
ASFI,Asta Funding Inc
MSM,MSC Industrial Direct Co Inc
WSTL,Westell Technologies Inc
UVSP,Univest Financial Corp
PRGX,PRGX Global Inc
FFIC,Flushing Financial Corp
RDEN,Elizabeth Arden Inc
XCRA,Xcerra Corp
BUSE,First Busey Corp
KKD,Krispy Kreme Doughnuts Inc
HTLF,Heartland Financial USA Inc
FPIC,FPIC Insurance Group Inc
ATW,Atwood Oceanics Inc
SBKCQ,Security Bank Corp/GA
SBSI,Southside Bancshares Inc
STRA,Strategic Education Inc
SNBC,Sun Bancorp Inc/NJ
PTRY,Pantry Inc/The
CBST,Cubist Pharmaceuticals LLC
PROV,Provident Financial Holdings Inc
FORR,Forrester Research Inc
HLIO,Helios Technologies Inc
TAYC,Taylor Capital Group Inc
BJRI,BJ's Restaurants Inc
RSTI,Rofin-Sinar Technologies Inc
BSRR,Sierra Bancorp
CWTRQ,Coldwater Creek Inc
EEFT,Euronet Worldwide Inc
ERT,ERT Operating Co
PEET,Peet's Coffee & Tea Inc
SSB,SouthState Corp
BEXP,Brigham Exploration Co LLC
RLRN,Renaissance Learning Inc
FSBK,First South Bancorp Inc/NC
JOR,Earle M Jorgensen Co
GIFI,Gulf Island Fabrication Inc
RMBS,Rambus Inc
COLM,Columbia Sportswear Co
LBAI,Lakeland Bancorp Inc
QMCO,Quantum Corp
GLFMQ,Gulfmark Offshore Inc
QADB,QAD Inc
CRZO,Carrizo Oil & Gas Inc
CWST,Casella Waste Systems Inc
YDNT,Young Innovations Inc
BCPC,Balchem Corp
MBWM,Mercantile Bank Corp
OCPI,Optical Communication Products Inc
CSR,Centerspace
CTHR,Charles & Colvard Ltd
ADPI,American Dental Partners Inc
UPFC,United PanAm Financial Corp
MKSI,MKS Instruments Inc
SSAG,SSA Global Technologies Inc
CRAI,CRA International Inc
WTSLQ,Seal123 Inc
RBAK,Redback Networks Inc
MCBC,Macatawa Bank Corp
CMLSQ,CM Wind Down Topco Inc
MSTR,MicroStrategy Inc
KBAY,Kanbay International Inc
FTBK,Frontier Financial Corp
TZIX,Cognizant TriZetto Software Group Inc
BEBE,bebe stores inc
SBAC,SBA Communications Corp
MTEX,Mannatech Inc
TWTC,tw telecom inc
CSGP,CoStar Group Inc
STL,Sterling Bancorp/DE
PACR,XPO Intermodal Inc
CEDCQ,Roust Corp
CFNL,Cardinal Financial Corp
HTBK,Heritage Commerce Corp
RBCAA,Republic Bancorp Inc/KY
ATLC,Atlanticus Holdings Corp
GHDX,Genomic Health Inc
UCFC,United Community Financial Corp/OH
NXTM,NxStage Medical Inc
COBZ,CoBiz Financial Inc
IRBT,iRobot Corp
LWSN,Infor US LLC
ON,ON Semiconductor Corp
MDCO,Medicines Co/The
MORN,Morningstar Inc
CFFN,Capitol Federal Financial Inc
BKNG,Booking Holdings Inc
FPFCQ,First Place Financial Corp/OH
UCBI,United Community Banks Inc/GA
TCBI,Texas Capital Bancshares Inc
ECPG,Encore Capital Group Inc
BHBCQ,Beverly Hills Bancorp Inc
COKE,Coca-Cola Consolidated Inc
NTRI,Nutrisystem Inc
RGP,Resources Connection Inc
PLKI,Popeyes Louisiana Kitchen Inc
FISI,Financial Institutions Inc
MECK,Mecklermedia Corp
EGOV,NIC Inc
SWC,Stillwater Mining Co
RHT,Red Hat Inc
QSFT,Quest Software Inc/CA
SIMG,Silicon Image Inc
NFLX,Netflix Inc
BEAV,B/E Aerospace Inc
SPRT,Support.com Inc
KTOS,Kratos Defense & Security Solutions Inc
HPOL,Nielsen Consumer Insights Inc
CNVR,Conversant Inc
INCY,Incyte Corp
MDRX,Veradigm Inc
ATPAQ,ATP Oil & Gas Corp/United States
CLMS,Calamos Asset Management Inc
CRUS,Cirrus Logic Inc
CPKI,California Pizza Kitchen Inc
GTI,GrafTech International Ltd
DTSI,DTS Inc/CA
WITS,Witness Systems Inc
FORM,FormFactor Inc
GFIG,GFI Group Inc
IPAS,iPass Inc
BLDR,Builders FirstSource Inc
